Timestamp,What is your age?,What is your gender?,Which tier of city do you currently live in?,How frequently do you shop for fashion online (Myntra)?,Which of the following best describes how you use the Myntra Wishlist?,"On average, how many items are currently sitting in your Myntra wishlist?",Think about the last specific clothing item you added to your wishlist. What was the PRIMARY reason you saved it instead of checking out immediately? (Select all that apply),"For items that have been sitting in your wishlist for over 30 days, do you still genuinely intend to buy them?","When you find an item you really like but hesitate to buy, how much do the following fears bother you? (1 = Not at all, 5 = Very much) [Fear that the fabric/quality will be significantly worse than the photo]","When you find an item you really like but hesitate to buy, how much do the following fears bother you? (1 = Not at all, 5 = Very much) [Fear that the size will be wrong and the return process will be a hassle]","When you find an item you really like but hesitate to buy, how much do the following fears bother you? (1 = Not at all, 5 = Very much) [Fear that the delivery will be delayed past when I actually need it]","When you find an item you really like but hesitate to buy, how much do the following fears bother you? (1 = Not at all, 5 = Very much) [Fear that if I return it, my refund will be delayed or denied]","In your own words, describe a past negative experience (on Myntra or elsewhere) that makes you hesitate to buy an item sitting in your wishlist today.","If money/price was NOT an issue, what is the number 1 thing stopping you from moving your most desired wishlisted item into the shopping bag right now?","When an item is sitting in your wishlist and you are unsure about buying it, what actions do you take OUTSIDE of the Myntra app to help you decide? (Select all that apply)",How do you currently overcome uncertainty regarding whether an item will fit properly?,"Are you currently considering purchasing a similar alternative item from a different app? If yes, what makes their platform feel safer or more appealing to checkout on?","Imagine Myntra wanted you to convert an item from your wishlist to your bag today, but they CANNOT offer you a discount or any financial credit. Which of the following features would give you the most confidence to buy immediately? (Please Rank 1 to 4, where 1 = Least confidence and 4 = Most confidence.) [Delivery Transparency Tracker]","Imagine Myntra wanted you to convert an item from your wishlist to your bag today, but they CANNOT offer you a discount or any financial credit. Which of the following features would give you the most confidence to buy immediately? (Please Rank 1 to 4, where 1 = Least confidence and 4 = Most confidence.) [Return Success Metric]","Imagine Myntra wanted you to convert an item from your wishlist to your bag today, but they CANNOT offer you a discount or any financial credit. Which of the following features would give you the most confidence to buy immediately? (Please Rank 1 to 4, where 1 = Least confidence and 4 = Most confidence.) [Fit Predictor Proof]","Imagine Myntra wanted you to convert an item from your wishlist to your bag today, but they CANNOT offer you a discount or any financial credit. Which of the following features would give you the most confidence to buy immediately? (Please Rank 1 to 4, where 1 = Least confidence and 4 = Most confidence.) [Hassle-Free Return Guarantee Badge]","What specific information, guarantee, or feature (excluding discounts or credits) is currently MISSING from the Myntra wishlist that would make you purchase more frequently?"
29/08/2026 13:02:56,25-34,Female,"Tier 1 (Metro cities e.g., Bangalore, Mumbai, Delhi, NCR, Hyderabad)",1-2 times a month,I add items to my wishlist and often leave them there for weeks without buying.,11 - 30,"My size was out of stock., I liked it, but I wasn't sure if it would look good on my body type.","Yes, I am just waiting for the right moment/trigger.",2,1,3,1,Return policy in Myntra is having a lot of challenges ,Out of stock item,I check competitor apps to see if they have better reviews or faster delivery.,Try and buy,"Yes, price is the trigger in competitive app",Rank 3,Rank 4,Rank 2,Rank 4,It is a dead feature which does nothing other than having the functionality of adding items
29/08/2026 13:52:08,18-24,Male,"Tier 2 (e.g., Pune, Jaipur, Lucknow, Indore)",Once every few months,I add items to my wishlist and often leave them there for weeks without buying.,11 - 30,"My size was out of stock., I wanted to compare it with items on other apps (e.g., AJIO, Amazon).","Yes, I am just waiting for the right moment/trigger.",4,4,1,4,Quality mismatch gave me trust issues to order branded stuff from there ,Size restock ,I ask friends or family for their opinion.,I check customer review photos and read the details of the product ,No ,Rank 3,Rank 4,Rank 4,Rank 4,3D try on or AR mode 
29/08/2026 13:57:27,25-34,Female,"Tier 2 (e.g., Pune, Jaipur, Lucknow, Indore)",Once every few months,I add items to my wishlist and often leave them there for weeks without buying.,11 - 30,It was too expensive; I was waiting for a price drop / sale.,"Sometimes, but I mostly forget about them.",4,4,4,4,The fabric was not as shown,Size and fit,I search for Myntra haul or try-on videos on YouTube for that specific brand.,Size chart,H&m,Rank 4,Rank 3,Rank 1,Rank 2,Fit suggestion 
29/08/2026 14:39:01,18-24,Male,"Tier 1 (Metro cities e.g., Bangalore, Mumbai, Delhi, NCR, Hyderabad)",Rarely,I rarely use it; I usually buy items immediately.,1 - 10,"It was too expensive; I was waiting for a price drop / sale., My size was out of stock.","No, the desire usually fades after a few days.",1,4,2,4,The product didn't match the one shown.,I'm not much of a fashion person so the only issue is size,I check competitor apps to see if they have better reviews or faster delivery.,I currently see an item in shop and recheck it on apps if the price is good and size is available I'll buy it or else I go to shops,The most appealing thing is price for me but there could be other factors like size too nothing else,Rank 3,Rank 4,Rank 3,Rank 4,Size comparison as in xl or XXL for a brand can be different for a few brands maybe the size in inches could help
29/08/2026 14:45:17,25-34,Female,"Tier 1 (Metro cities e.g., Bangalore, Mumbai, Delhi, NCR, Hyderabad)",Once every few months,I add items to my wishlist and often leave them there for weeks without buying.,31 - 100,"It was too expensive; I was waiting for a price drop / sale., My size was out of stock., I liked it, but I wasn't sure if it would look good on my body type.","Yes, I am just waiting for the right moment/trigger.",4,5,1,4,"I purchased a high end item from Myntra. It was expensive and the wrong product got delivered, since then I have been skeptical to purchasing anything expensive from Myntra.",Positive reviews and quality.,I do nothing; I just wait and eventually abandon it.,"Check reviews, check the sizing chart",Savana feels more safer and appealing because their products always exactly look the same as the picture and the quality is promising.,Rank 1,Rank 2,Rank 3,Rank 4,Maybe it can add custom view grid like we have in certain apps. I would like to scroll and view 1 product at a time instead of 2-4
29/08/2026 17:02:10,35-44,Male,Tier 3 or below (Smaller towns/cities),Once every few months,I add items to my wishlist and often leave them there for weeks without buying.,1 - 10,"It was too expensive; I was waiting for a price drop / sale., My size was out of stock., I was unsure about the brand's quality or fabric.","Yes, I am just waiting for the right moment/trigger.",3,1,1,1,Fabric quality and overall gesture,Quality,"I search for Myntra haul or try-on videos on YouTube for that specific brand., I ask friends or family for their opinion., I check competitor apps to see if they have better reviews or faster delivery.",I ordered the product and return if there is any issue(before order I check the return option),N/A,Rank 1,Rank 3,Rank 3,Rank 3,N/A
29/08/2026 18:21:19,25-34,Male,"Tier 1 (Metro cities e.g., Bangalore, Mumbai, Delhi, NCR, Hyderabad)",Once every few months,I add items to my wishlist and buy them within 24-48 hours.,1 - 10,"I liked it, but I wasn't sure if it would look good on my body type., I was unsure about the brand's quality or fabric.","No, the desire usually fades after a few days.",3,4,2,1,I didn't like the fit or the quality was poor,Fit and style,"I search for Myntra haul or try-on videos on YouTube for that specific brand., I ask friends or family for their opinion.",I make a guess,Maybe brand apps like Zara or H&M,Rank 1,Rank 4,Rank 3,Rank 2,I am not sure but comparing multiple items is cumbersome 
29/08/2026 18:49:12,25-34,Female,"Tier 1 (Metro cities e.g., Bangalore, Mumbai, Delhi, NCR, Hyderabad)",1-2 times a month,I add items to my wishlist and buy them within 24-48 hours.,11 - 30,"My size was out of stock., I liked it, but I wasn't sure if it would look good on my body type., I was unsure about the brand's quality or fabric.","Yes, I am just waiting for the right moment/trigger.",3,3,3,3,Reviews of the product,Reviews of the product,"I look for Reddit threads or Instagram reels about the brand's quality/sizing., I ask friends or family for their opinion.",na,"Yes, Ajio",Rank 2,Rank 3,Rank 3,Rank 3,"Product comaparison
"
29/08/2026 23:50:45,25-34,Male,"Tier 1 (Metro cities e.g., Bangalore, Mumbai, Delhi, NCR, Hyderabad)",Once every few months,I add items to my wishlist and often leave them there for weeks without buying.,31 - 100,It was too expensive; I was waiting for a price drop / sale.,"Sometimes, but I mostly forget about them.",4,3,3,3,Price staleness with time and not being updated,Size issue,I search for Myntra haul or try-on videos on YouTube for that specific brand.,I chck brand website,Sometimes like flipkart and ajio,Rank 3,Rank 2,Rank 1,Rank 4,Nothing just the UI is clumsy
